1,1,1,1,1,1,1,1,1,1,1,1,1,1,1,1,1,1,1,1,1,1,1,1,1,1,1,1,1,1,1,1
1,1,1,1,1,1,1,1,1,1,1,1,1,1,1,1,1,1,1,1,1,1,1,1,1,1,1,1,1,1,1,1
1,1,1,1,1,1,1,1,1,1,1,1,1,1,1,1,1,1,1,1,1,1,1,1,1,1,1,1,1,1,1,1
1,1,1,1,1,1,1,1,1,1,1,1,1,1,1,1,1,1,1,1,1,1,1,1,1,1,1,1,1,1,1,1
1,1,1,8,-1,-1,-1,-1,-1,-1,-1,12,13,1,1,1,1,1,1,1,1,1,8,-1,-1,12,13,1,1,1,1,1
1,1,8,-1,-1,-1,-1,-1,-1,-1,-1,-1,-1,12,13,1,1,1,10,11,-1,-1,-1,-1,-1,-1,-1,-1,12,13,1,1
1,1,-1,-1,-1,-1,-1,-1,-1,-1,-1,-1,-1,-1,-1,-1,-1,-1,-1,-1,-1,-1,-1,-1,-1,-1,-1,-1,-1,-1,9,1
1,8,-1,-1,-1,-1,-1,-1,-1,-1,-1,-1,-1,-1,-1,-1,-1,-1,-1,-1,-1,-1,-1,-1,-1,-1,-1,-1,-1,-1,-1,1
1,-1,-1,-1,-1,-1,-1,0,2,1,1,1,6,7,-1,-1,-1,-1,-1,-1,-1,0,0,0,0,0,0,0,0,-1,-1,1
1,-1,-1,-1,-1,-1,4,5,1,1,1,1,1,1,1,-1,-1,-1,-1,-1,-1,1,1,1,1,1,3,0,0,-1,-1,1
1,-1,-1,-1,-1,2,1,1,1,1,1,1,1,8,0,0,0,-1,-1,-1,-1,9,1,1,1,1,1,1,0,0,-1,1
1,-1,-1,-1,1,1,1,1,1,1,10,11,0,0,0,4,5,1,3,0,0,0,0,12,13,1,10,11,-1,-1,-1,1
1,-1,-1,-1,1,1,1,1,1,8,0,0,0,0,2,1,1,1,1,1,3,-1,0,-1,-1,-1,-1,-1,-1,4,5,1
1,-1,-1,-1,9,1,1,1,8,0,0,4,5,1,1,1,1,1,1,1,1,3,0,-1,-1,-1,-1,-1,2,1,1,1
1,-1,-1,-1,-1,0,0,0,0,0,2,1,1,1,1,1,1,1,1,1,1,1,1,1,1,1,1,1,1,1,1,1
1,-1,-1,-1,0,0,0,0,0,2,1,1,1,1,1,1,1,1,1,1,1,1,1,1,1,1,1,1,1,1,1,1
1,-1,-1,-1,-1,-1,-1,-1,2,1,1,1,1,1,1,1,1,1,1,1,1,1,1,1,1,1,1,1,1,1,1,1
1,-1,-1,-1,-1,2,1,1,1,1,1,1,1,10,11,0,0,0,0,12,13,1,1,1,1,1,1,1,1,1,1,1
1,-1,-1,-1,1,1,8,-1,0,0,0,-1,-1,-1,0,0,0,0,0,0,0,9,1,1,1,1,1,1,1,1,1,1
1,-1,-1,-1,0,0,0,-1,-1,0,-1,-1,-1,-1,-1,-1,-1,-1,0,0,0,0,12,13,1,8,-1,12,13,1,1,1
1,1,-1,-1,-1,-1,-1,-1,-1,0,0,0,-1,-1,-1,-1,-1,-1,-1,-1,-1,-1,-1,-1,-1,-1,-1,-1,-1,0,9,1
1,1,1,-1,-1,-1,-1,0,-1,4,5,1,1,1,3,-1,-1,-1,-1,-1,-1,-1,-1,-1,-1,-1,-1,-1,-1,-1,0,1
1,1,1,6,7,-1,-1,0,1,1,1,1,1,1,1,1,1,1,-1,-1,-1,2,1,1,1,1,1,1,-1,-1,-1,1
1,1,1,1,1,1,-1,0,9,1,1,1,1,1,1,1,1,8,-1,-1,2,1,1,1,1,1,1,8,-1,-1,-1,1
1,1,1,1,1,8,-1,-1,-1,-1,-1,-1,-1,-1,-1,-1,-1,-1,-1,2,1,1,1,1,10,11,-1,-1,-1,-1,-1,1
1,1,1,1,8,-1,-1,-1,-1,-1,-1,-1,-1,-1,-1,-1,-1,-1,2,1,1,8,-1,-1,-1,-1,-1,-1,-1,-1,2,1
1,1,8,-1,-1,-1,-1,-1,-1,-1,-1,-1,-1,-1,-1,1,-1,1,1,1,8,-1,-1,-1,-1,-1,-1,4,5,1,1,1
1,1,-1,-1,-1,-1,-1,0,0,-1,-1,-1,-1,-1,-1,-1,-1,-1,0,-1,-1,-1,-1,-1,4,5,1,1,1,1,1,1
1,1,6,7,-1,-1,-1,-1,-1,-1,-1,-1,-1,-1,-1,-1,-1,-1,-1,-1,-1,-1,4,5,1,1,1,1,1,1,1,1
1,1,1,1,1,6,7,-1,-1,-1,-1,-1,-1,-1,-1,-1,-1,-1,4,5,1,1,1,1,1,1,1,1,1,1,1,1
1,1,1,1,1,1,1,1,1,1,1,1,1,1,1,1,1,1,1,1,1,1,1,1,1,1,1,1,1,1,1,1
1,1,1,1,1,1,1,1,1,1,1,1,1,1,1,1,1,1,1,1,1,1,1,1,1,1,1,1,1,1,1,1
