21,21,21,21,21,21,21,21,21,21,21,21,21,21,21,21,21,21,21,21
16,16,16,16,16,16,16,16,16,16,16,16,16,16,16,16,16,16,16,16
16,16,16,16,16,16,16,16,16,16,16,16,16,16,16,15,16,16,16,16
16,16,16,16,16,16,16,16,16,16,16,16,16,16,16,16,16,16,16,16
16,16,16,16,15,16,16,16,16,16,16,16,16,16,16,16,16,16,15,16
16,16,2,2,16,16,16,16,16,16,16,15,16,16,16,16,16,16,16,16
16,16,2,2,16,16,16,16,16,16,16,16,16,16,16,16,16,16,16,16
16,16,16,16,16,16,16,16,16,16,16,16,16,16,16,16,16,16,16,16
16,16,16,16,16,16,16,16,16,16,16,16,16,16,16,16,16,16,16,16
16,16,16,16,16,16,16,16,16,16,16,16,16,22,16,16,16,16,16,16
16,16,16,16,16,16,16,16,16,16,16,16,22,22,16,16,16,16,16,16
16,16,16,16,16,27,16,22,16,27,16,16,22,22,22,22,16,27,16,16
16,16,16,16,16,27,22,22,16,27,16,16,22,22,22,22,22,27,16,16
16,16,16,16,16,27,22,22,22,27,16,16,22,22,22,21,21,21,21,16
21,21,21,21,21,21,21,21,21,21,21,21,21,21,21,21,21,21,21,21
