8,8,8,8,8,8,8,8,8,8,8,8,8,8,8,8,8,8,8,8,8,8,8,8,8,8,8,8,8,8,8,8
8,27,27,27,27,27,27,27,27,27,27,27,27,27,27,27,27,27,27,27,27,27,27,27,27,27,27,27,27,27,27,8
8,27,21,-1,66,-1,-1,-1,65,-1,-1,20,27,27,27,27,27,27,27,21,72,65,-1,72,183,-1,65,-1,66,20,27,8
8,21,-1,-1,-1,-1,-1,-1,-1,-1,-1,-1,66,-1,66,72,65,-1,-1,-1,72,-1,-1,72,184,-1,-1,-1,-1,-1,20,8
8,-1,-1,-1,-1,-1,-1,-1,69,-1,-1,-1,-1,-1,-1,72,-1,-1,-1,-1,72,-1,-1,72,184,-1,-1,-1,-1,-1,-1,8
8,-1,-1,-1,-1,-1,-1,64,89,70,71,60,-1,-1,-1,72,-1,-1,-1,-1,72,-1,-1,72,184,-1,-1,-1,-1,-1,-1,8
8,-1,-1,-1,-1,-1,40,41,40,40,41,41,23,-1,-1,72,-1,-1,-1,-1,72,-1,-1,72,184,-1,-1,-1,64,-1,60,8
8,-1,-1,-1,60,0,0,0,66,20,27,27,43,41,92,93,93,93,93,92,72,-1,-1,72,184,60,22,41,40,41,41,8
8,-1,-1,-1,41,42,27,23,0,0,65,20,27,21,-1,-1,-1,-1,-1,92,93,93,93,92,41,40,42,27,27,27,27,8
8,-1,-1,-1,20,27,27,27,23,0,0,22,27,-1,-1,-1,-1,-1,-1,-1,-1,-1,57,-1,27,27,27,21,0,20,27,8
8,63,-1,-1,-1,65,-1,20,27,41,41,21,66,-1,-1,-1,64,63,-1,-1,-1,-1,57,64,66,66,0,0,0,0,27,8
8,41,-1,-1,-1,-1,-1,-1,65,-1,183,-1,-1,-1,-1,22,41,40,23,-1,-1,-1,57,41,40,23,0,0,0,22,27,8
8,27,41,-1,-1,-1,-1,-1,-1,-1,184,-1,-1,-1,22,42,27,27,27,-1,-1,-1,57,20,27,27,40,41,41,27,27,8
8,57,57,31,-1,-1,-1,-1,-1,-1,184,-1,-1,-1,27,27,27,27,27,-1,-1,-1,57,-1,184,65,20,27,27,27,27,8
8,57,57,58,-1,-1,-1,-1,29,60,203,-1,-1,-1,20,27,27,27,21,-1,-1,-1,57,-1,184,-1,-1,65,-1,20,27,8
8,50,-1,-1,-1,-1,-1,41,40,41,41,-1,-1,-1,-1,-1,-1,-1,-1,-1,-1,-1,57,-1,184,-1,-1,-1,-1,-1,20,8
8,-1,-1,-1,-1,-1,41,27,27,27,27,41,-1,-1,-1,73,73,73,73,-1,-1,180,57,64,184,181,182,22,41,-1,-1,8
8,-1,-1,-1,-1,-1,27,27,27,27,27,27,92,93,93,93,93,93,93,93,92,41,41,41,41,41,41,42,27,41,-1,8
8,-1,-1,-1,-1,-1,20,27,27,27,27,21,-1,-1,-1,-1,-1,-1,-1,-1,-1,20,27,27,27,27,27,27,27,21,-1,8
8,24,60,-1,-1,-1,-1,-1,-1,66,-1,-1,-1,-1,-1,-1,-1,-1,-1,-1,-1,-1,57,-1,184,-1,-1,0,0,-1,0,8
8,40,41,41,-1,-1,-1,-1,-1,-1,-1,-1,-1,-1,-1,-1,-1,-1,64,63,63,-1,57,-1,184,-1,-1,-1,-1,22,40,8
8,27,27,27,-1,-1,-1,-1,-1,-1,-1,-1,-1,64,-1,-1,22,41,41,41,41,41,41,41,40,41,40,27,27,27,27,8
8,27,27,21,-1,-1,-1,-1,-1,-1,-1,-1,22,41,41,41,42,27,27,27,27,27,27,27,27,27,27,27,27,27,27,8
8,-1,66,-1,-1,-1,60,60,29,-1,-1,-1,27,27,27,27,27,27,27,27,27,27,27,27,27,27,27,27,27,27,27,8
8,-1,-1,-1,-1,41,41,41,40,41,-1,-1,65,-1,-1,20,27,27,27,27,27,27,27,21,184,183,-1,-1,65,65,-1,8
8,-1,-1,-1,-1,20,27,27,27,21,-1,-1,-1,-1,-1,-1,65,-1,65,-1,-1,-1,65,-1,184,184,-1,-1,-1,-1,-1,8
8,64,-1,-1,-1,-1,65,-1,65,-1,-1,-1,-1,-1,-1,-1,-1,-1,-1,-1,-1,-1,-1,-1,184,184,-1,-1,-1,-1,-1,8
8,41,23,-1,-1,-1,-1,-1,-1,-1,-1,-1,-1,-1,-1,-1,-1,-1,-1,-1,-1,-1,-1,-1,184,184,-1,29,-1,-1,-1,8
8,27,43,23,61,-1,61,90,91,-1,62,-1,90,91,-1,-1,60,-1,-1,62,-1,60,-1,-1,203,203,22,41,41,23,-1,8
8,27,27,43,40,40,40,41,41,41,41,41,41,40,41,41,41,41,41,41,41,41,41,44,45,46,42,27,27,43,41,8
8,27,27,27,27,27,27,27,27,27,27,27,27,27,27,27,27,27,27,27,27,27,27,27,27,27,27,27,27,27,27,8
8,8,8,8,8,8,8,8,8,8,8,8,8,8,8,8,8,8,8,8,8,8,8,8,8,8,8,8,8,8,8,8
